Method,Run_1,Run_2,Run_3,Run_4,Run_5,Run_6,Run_7,Run_8,Run_9,Run_10,Run_11,Run_12,Run_13,Run_14,Run_15,Run_16,Run_17,Run_18,Run_19,Run_20,Run_21,Run_22,Run_23,Run_24,Run_25,Run_26,Run_27,Run_28,Run_29,Run_30,Run_31,Run_32,Run_33,Run_34,Run_35,Run_36,Run_37,Run_38,Run_39,Run_40,Run_41,Run_42,Run_43,Run_44,Run_45,Run_46,Run_47,Run_48,Run_49,Run_50
drift_localizer,0.8266666666666667,0.7133333333333334,0.8066666666666666,0.5866666666666667,0.74,0.8,0.8266666666666667,0.9,0.9266666666666666,0.8466666666666667,0.8266666666666667,0.9,0.8,0.76,0.8133333333333334,0.7733333333333333,0.9266666666666666,0.82,0.7866666666666666,0.8066666666666666,0.88,0.8066666666666666,0.6266666666666667,0.86,0.8533333333333334,0.8,0.8133333333333334,0.68,0.7333333333333333,0.88,0.8333333333333334,0.7866666666666666,0.7,0.8666666666666667,0.9066666666666666,0.7533333333333333,0.7,0.78,0.8666666666666667,0.8266666666666667,0.6933333333333334,0.7333333333333333,0.8066666666666666,0.8733333333333333,0.82,0.78,0.9133333333333333,0.76,0.7733333333333333,0.7533333333333333
one_local_one_global_l,0.7933333333333333,0.7466666666666667,0.7733333333333333,0.6733333333333333,0.6733333333333333,0.6733333333333333,0.82,0.7266666666666667,0.66,0.72,0.78,0.8333333333333334,0.7733333333333333,0.8133333333333334,0.84,0.7133333333333334,0.8133333333333334,0.8133333333333334,0.7933333333333333,0.8333333333333334,0.86,0.88,0.68,0.8666666666666667,0.82,0.6,0.8133333333333334,0.7066666666666667,0.8333333333333334,0.84,0.68,0.66,0.72,0.7533333333333333,0.8266666666666667,0.82,0.7066666666666667,0.6733333333333333,0.7666666666666667,0.6933333333333334,0.6866666666666666,0.7933333333333333,0.78,0.68,0.7333333333333333,0.7466666666666667,0.8533333333333334,0.7466666666666667,0.7466666666666667,0.8333333333333334
one_local_l,0.8333333333333334,0.7466666666666667,0.78,0.6933333333333334,0.7,0.7066666666666667,0.8133333333333334,0.78,0.78,0.7066666666666667,0.72,0.8333333333333334,0.82,0.8,0.8266666666666667,0.8133333333333334,0.8133333333333334,0.8133333333333334,0.7933333333333333,0.7866666666666666,0.8933333333333333,0.88,0.72,0.8333333333333334,0.82,0.7266666666666667,0.72,0.7,0.8133333333333334,0.8333333333333334,0.68,0.7066666666666667,0.7133333333333334,0.78,0.84,0.8333333333333334,0.7,0.7066666666666667,0.8266666666666667,0.8066666666666666,0.6866666666666666,0.6866666666666666,0.7533333333333333,0.8333333333333334,0.7933333333333333,0.7666666666666667,0.8866666666666667,0.7533333333333333,0.7733333333333333,0.8266666666666667
two_local_l,0.8,0.7266666666666667,0.8133333333333334,0.66,0.6666666666666666,0.7266666666666667,0.8133333333333334,0.7133333333333334,0.8,0.6466666666666666,0.6933333333333334,0.7866666666666666,0.7466666666666667,0.74,0.7533333333333333,0.7733333333333333,0.8466666666666667,0.7666666666666667,0.7266666666666667,0.76,0.8133333333333334,0.8066666666666666,0.6733333333333333,0.7866666666666666,0.8066666666666666,0.6266666666666667,0.7066666666666667,0.6866666666666666,0.7933333333333333,0.8066666666666666,0.7,0.6266666666666667,0.6466666666666666,0.7466666666666667,0.76,0.7933333333333333,0.6733333333333333,0.6,0.7733333333333333,0.7733333333333333,0.6733333333333333,0.6533333333333333,0.74,0.7866666666666666,0.82,0.74,0.82,0.7,0.8,0.8
three_local_l,0.8333333333333334,0.7333333333333333,0.82,0.6666666666666666,0.66,0.7733333333333333,0.8133333333333334,0.7066666666666667,0.78,0.6333333333333333,0.6733333333333333,0.7933333333333333,0.7666666666666667,0.7466666666666667,0.7133333333333334,0.7733333333333333,0.88,0.7733333333333333,0.6933333333333334,0.72,0.76,0.6933333333333334,0.6533333333333333,0.7866666666666666,0.7133333333333334,0.5933333333333334,0.72,0.6533333333333333,0.7,0.8066666666666666,0.74,0.58,0.6533333333333333,0.68,0.7266666666666667,0.76,0.6666666666666666,0.58,0.7333333333333333,0.7333333333333333,0.6866666666666666,0.6466666666666666,0.6933333333333334,0.7733333333333333,0.82,0.7266666666666667,0.7666666666666667,0.6733333333333333,0.7466666666666667,0.8066666666666666
one_local_l_probs,0.8133333333333334,0.76,0.7866666666666666,0.7,0.7333333333333333,0.7066666666666667,0.8133333333333334,0.78,0.78,0.7066666666666667,0.7666666666666667,0.8333333333333334,0.8133333333333334,0.8066666666666666,0.8133333333333334,0.7533333333333333,0.9133333333333333,0.8266666666666667,0.76,0.82,0.8733333333333333,0.8933333333333333,0.68,0.84,0.8133333333333334,0.7266666666666667,0.8066666666666666,0.6866666666666666,0.8133333333333334,0.8266666666666667,0.6933333333333334,0.68,0.7266666666666667,0.78,0.8333333333333334,0.8266666666666667,0.6866666666666666,0.6866666666666666,0.7733333333333333,0.84,0.6933333333333334,0.68,0.78,0.8333333333333334,0.8066666666666666,0.82,0.8666666666666667,0.74,0.7466666666666667,0.78
two_local_l_probs,0.8066666666666666,0.7,0.7666666666666667,0.6733333333333333,0.7066666666666667,0.7,0.7733333333333333,0.6933333333333334,0.8133333333333334,0.6533333333333333,0.7133333333333334,0.7733333333333333,0.74,0.72,0.7333333333333333,0.7866666666666666,0.9133333333333333,0.7733333333333333,0.78,0.7533333333333333,0.8133333333333334,0.8,0.6533333333333333,0.7866666666666666,0.8,0.6266666666666667,0.8333333333333334,0.6866666666666666,0.8,0.8533333333333334,0.7,0.62,0.66,0.76,0.8133333333333334,0.8466666666666667,0.68,0.6066666666666667,0.7733333333333333,0.78,0.6533333333333333,0.7466666666666667,0.6733333333333333,0.8066666666666666,0.82,0.7533333333333333,0.82,0.7,0.7866666666666666,0.8
three_local_l_probs,0.8,0.6733333333333333,0.74,0.6666666666666666,0.7,0.7466666666666667,0.8066666666666666,0.6733333333333333,0.7866666666666666,0.6333333333333333,0.6866666666666666,0.78,0.7733333333333333,0.74,0.72,0.78,0.8866666666666667,0.7866666666666666,0.7733333333333333,0.74,0.76,0.76,0.6,0.8133333333333334,0.7933333333333333,0.5866666666666667,0.78,0.6466666666666666,0.7666666666666667,0.8333333333333334,0.7066666666666667,0.5666666666666667,0.6266666666666667,0.6866666666666666,0.8,0.82,0.6733333333333333,0.5733333333333334,0.7333333333333333,0.7466666666666667,0.66,0.72,0.66,0.76,0.82,0.72,0.8066666666666666,0.64,0.7866666666666666,0.7733333333333333
one_global_l,0.66,0.64,0.6733333333333333,0.64,0.6266666666666667,0.6666666666666666,0.7266666666666667,0.6133333333333333,0.5466666666666666,0.58,0.6666666666666666,0.7666666666666667,0.7466666666666667,0.6666666666666666,0.74,0.78,0.68,0.78,0.7066666666666667,0.7133333333333334,0.7933333333333333,0.7066666666666667,0.5866666666666667,0.64,0.6133333333333333,0.24666666666666667,0.7466666666666667,0.66,0.7266666666666667,0.6866666666666666,0.62,0.49333333333333335,0.6466666666666666,0.58,0.6866666666666666,0.58,0.6933333333333334,0.48,0.6666666666666666,0.48,0.6533333333333333,0.6866666666666666,0.6266666666666667,0.6933333333333334,0.6333333333333333,0.6066666666666667,0.5733333333333334,0.64,0.6733333333333333,0.6466666666666666
two_global_l,0.7533333333333333,0.7466666666666667,0.7666666666666667,0.66,0.6266666666666667,0.78,0.74,0.6133333333333333,0.7066666666666667,0.6666666666666666,0.7733333333333333,0.7733333333333333,0.7133333333333334,0.7533333333333333,0.7866666666666666,0.7133333333333334,0.78,0.7866666666666666,0.7933333333333333,0.6933333333333334,0.84,0.7733333333333333,0.6466666666666666,0.88,0.7933333333333333,0.6066666666666667,0.7733333333333333,0.62,0.82,0.74,0.62,0.5133333333333333,0.6333333333333333,0.6733333333333333,0.7866666666666666,0.78,0.72,0.5733333333333334,0.68,0.6333333333333333,0.6066666666666667,0.7266666666666667,0.7533333333333333,0.6933333333333334,0.74,0.7466666666666667,0.84,0.7,0.76,0.7266666666666667
three_global_l,0.76,0.7533333333333333,0.7866666666666666,0.6533333333333333,0.68,0.78,0.74,0.6733333333333333,0.72,0.6466666666666666,0.7733333333333333,0.8266666666666667,0.7866666666666666,0.7933333333333333,0.7733333333333333,0.72,0.7733333333333333,0.8266666666666667,0.7933333333333333,0.7866666666666666,0.8866666666666667,0.8866666666666667,0.6266666666666667,0.8866666666666667,0.8266666666666667,0.6,0.78,0.64,0.8133333333333334,0.74,0.6333333333333333,0.44666666666666666,0.6533333333333333,0.66,0.8,0.8333333333333334,0.6466666666666666,0.6,0.72,0.72,0.6133333333333333,0.72,0.7533333333333333,0.6733333333333333,0.7466666666666667,0.7533333333333333,0.8666666666666667,0.7133333333333334,0.7866666666666666,0.7933333333333333
one_local_one_global_preds_l,0.7933333333333333,0.8066666666666666,0.82,0.6466666666666666,0.52,0.7533333333333333,0.9133333333333333,0.64,0.7066666666666667,0.74,0.8733333333333333,0.8,0.8,0.8266666666666667,0.7866666666666666,0.7,0.8333333333333334,0.9,0.8333333333333334,0.8266666666666667,0.9266666666666666,0.7666666666666667,0.8133333333333334,0.8866666666666667,0.8333333333333334,0.41333333333333333,0.8933333333333333,0.8533333333333334,0.78,0.8266666666666667,0.6733333333333333,0.62,0.7533333333333333,0.8066666666666666,0.8666666666666667,0.7866666666666666,0.8066666666666666,0.6933333333333334,0.7266666666666667,0.6666666666666666,0.7,0.8466666666666667,0.84,0.62,0.7933333333333333,0.74,0.9133333333333333,0.8266666666666667,0.8666666666666667,0.7066666666666667
one_local_preds_l,0.78,0.8066666666666666,0.8533333333333334,0.6533333333333333,0.5466666666666666,0.8133333333333334,0.92,0.7866666666666666,0.8266666666666667,0.74,0.7466666666666667,0.8533333333333334,0.8733333333333333,0.84,0.8533333333333334,0.84,0.8333333333333334,0.9266666666666666,0.8333333333333334,0.86,0.8533333333333334,0.7666666666666667,0.6533333333333333,0.9066666666666666,0.8333333333333334,0.6066666666666667,0.72,0.8733333333333333,0.7466666666666667,0.8333333333333334,0.7133333333333334,0.7333333333333333,0.76,0.8333333333333334,0.88,0.7466666666666667,0.8266666666666667,0.7533333333333333,0.8666666666666667,0.7933333333333333,0.86,0.7933333333333333,0.84,0.84,0.92,0.84,0.9066666666666666,0.7533333333333333,0.9066666666666666,0.7133333333333334
two_local_preds_l,0.8,0.7866666666666666,0.8733333333333333,0.7266666666666667,0.5666666666666667,0.8066666666666666,0.9333333333333333,0.7066666666666667,0.86,0.6533333333333333,0.76,0.8066666666666666,0.76,0.9,0.86,0.88,0.8666666666666667,0.8666666666666667,0.7533333333333333,0.82,0.8133333333333334,0.7333333333333333,0.66,0.8733333333333333,0.8466666666666667,0.48,0.6666666666666666,0.9,0.74,0.8333333333333334,0.7466666666666667,0.6266666666666667,0.7333333333333333,0.7866666666666666,0.8,0.72,0.8,0.6333333333333333,0.7733333333333333,0.7733333333333333,0.7666666666666667,0.8133333333333334,0.84,0.8066666666666666,0.8933333333333333,0.84,0.8266666666666667,0.74,0.88,0.7
three_local_preds_l,0.74,0.82,0.88,0.76,0.6133333333333333,0.8266666666666667,0.8933333333333333,0.6866666666666666,0.8266666666666667,0.6,0.7266666666666667,0.8133333333333334,0.7666666666666667,0.8933333333333333,0.82,0.8533333333333334,0.9,0.8466666666666667,0.7333333333333333,0.7933333333333333,0.7733333333333333,0.62,0.64,0.8466666666666667,0.74,0.43333333333333335,0.7066666666666667,0.8666666666666667,0.66,0.82,0.7466666666666667,0.58,0.7,0.7333333333333333,0.7666666666666667,0.6466666666666666,0.78,0.5733333333333334,0.76,0.7333333333333333,0.7533333333333333,0.78,0.74,0.7933333333333333,0.84,0.8266666666666667,0.7866666666666666,0.6466666666666666,0.8266666666666667,0.7333333333333333
one_local_preds_l_probs,0.7466666666666667,0.7933333333333333,0.8466666666666667,0.66,0.6733333333333333,0.8133333333333334,0.92,0.7866666666666666,0.8266666666666667,0.74,0.86,0.88,0.88,0.8333333333333334,0.8533333333333334,0.7933333333333333,0.9466666666666667,0.94,0.92,0.8133333333333334,0.9266666666666666,0.7933333333333333,0.7066666666666667,0.9,0.8266666666666667,0.6066666666666667,0.82,0.8733333333333333,0.76,0.8533333333333334,0.6866666666666666,0.6666666666666666,0.76,0.8333333333333334,0.9133333333333333,0.8333333333333334,0.8266666666666667,0.7066666666666667,0.7866666666666666,0.8666666666666667,0.84,0.84,0.84,0.7733333333333333,0.9333333333333333,0.7466666666666667,0.9,0.8066666666666666,0.8666666666666667,0.7466666666666667
two_local_preds_l_probs,0.7933333333333333,0.7866666666666666,0.8266666666666667,0.7266666666666667,0.6866666666666666,0.74,0.88,0.7,0.8866666666666667,0.6733333333333333,0.78,0.7666666666666667,0.82,0.8133333333333334,0.8533333333333334,0.8266666666666667,0.9466666666666667,0.9,0.8733333333333333,0.84,0.8533333333333334,0.7933333333333333,0.68,0.86,0.8666666666666667,0.48,0.86,0.9,0.7733333333333333,0.88,0.7333333333333333,0.6066666666666667,0.7333333333333333,0.8133333333333334,0.88,0.8266666666666667,0.7933333333333333,0.6,0.7866666666666666,0.7933333333333333,0.7333333333333333,0.8266666666666667,0.7733333333333333,0.7866666666666666,0.8933333333333333,0.7866666666666666,0.84,0.7933333333333333,0.9066666666666666,0.78
three_local_preds_l_probs,0.72,0.8266666666666667,0.8,0.7066666666666667,0.7066666666666667,0.7333333333333333,0.8866666666666667,0.6533333333333333,0.86,0.6266666666666667,0.7533333333333333,0.8133333333333334,0.8133333333333334,0.78,0.8266666666666667,0.8466666666666667,0.92,0.9,0.84,0.8266666666666667,0.8133333333333334,0.78,0.6666666666666666,0.8733333333333333,0.8466666666666667,0.4266666666666667,0.8466666666666667,0.8733333333333333,0.7266666666666667,0.86,0.7266666666666667,0.5666666666666667,0.7,0.74,0.8533333333333334,0.8,0.8,0.5533333333333333,0.76,0.7466666666666667,0.7,0.8133333333333334,0.7466666666666667,0.7533333333333333,0.84,0.7933333333333333,0.8266666666666667,0.8133333333333334,0.88,0.7533333333333333
one_global_preds_l,0.6333333333333333,0.7533333333333333,0.72,0.64,0.6466666666666666,0.6933333333333334,0.78,0.6333333333333333,0.6066666666666667,0.5866666666666667,0.7733333333333333,0.8133333333333334,0.68,0.8133333333333334,0.82,0.7133333333333334,0.6466666666666666,0.68,0.6933333333333334,0.7866666666666666,0.86,0.74,0.64,0.7,0.64,0.06,0.8133333333333334,0.82,0.58,0.7,0.6533333333333333,0.48,0.6533333333333333,0.62,0.7133333333333334,0.5466666666666666,0.7933333333333333,0.4866666666666667,0.7066666666666667,0.4533333333333333,0.5733333333333334,0.78,0.7,0.7,0.49333333333333335,0.68,0.62,0.7066666666666667,0.7,0.6
two_global_preds_l,0.66,0.8066666666666666,0.8266666666666667,0.6866666666666666,0.6466666666666666,0.7933333333333333,0.78,0.6333333333333333,0.78,0.6733333333333333,0.8666666666666667,0.7533333333333333,0.7933333333333333,0.7666666666666667,0.8666666666666667,0.7266666666666667,0.7733333333333333,0.8733333333333333,0.7666666666666667,0.7933333333333333,0.88,0.8333333333333334,0.62,0.9,0.8333333333333334,0.5266666666666666,0.8133333333333334,0.86,0.6733333333333333,0.7933333333333333,0.68,0.4866666666666667,0.72,0.7266666666666667,0.8266666666666667,0.68,0.8333333333333334,0.5666666666666667,0.7066666666666667,0.6066666666666667,0.66,0.8066666666666666,0.8266666666666667,0.7,0.8,0.7666666666666667,0.8733333333333333,0.8066666666666666,0.8533333333333334,0.6533333333333333
three_global_preds_l,0.7333333333333333,0.8,0.8066666666666666,0.6933333333333334,0.6333333333333333,0.7933333333333333,0.8866666666666667,0.7466666666666667,0.7666666666666667,0.7066666666666667,0.88,0.8733333333333333,0.88,0.7933333333333333,0.8533333333333334,0.7333333333333333,0.7933333333333333,0.9,0.8333333333333334,0.82,0.9133333333333333,0.8133333333333334,0.64,0.9066666666666666,0.8533333333333334,0.5333333333333333,0.8733333333333333,0.8933333333333333,0.68,0.7933333333333333,0.6533333333333333,0.43333333333333335,0.7533333333333333,0.7266666666666667,0.84,0.7733333333333333,0.6933333333333334,0.6066666666666667,0.7066666666666667,0.7066666666666667,0.6666666666666666,0.8666666666666667,0.84,0.6666666666666666,0.8066666666666666,0.7866666666666666,0.9266666666666666,0.7933333333333333,0.88,0.7866666666666666
reconstructed_single_concepts,0.66,0.72,0.7933333333333333,0.5933333333333334,0.72,0.7533333333333333,0.7733333333333333,0.7866666666666666,0.88,0.8266666666666667,0.68,0.8533333333333334,0.7466666666666667,0.7333333333333333,0.8,0.78,0.9266666666666666,0.78,0.76,0.7266666666666667,0.84,0.84,0.6933333333333334,0.82,0.8466666666666667,0.7333333333333333,0.7866666666666666,0.6733333333333333,0.78,0.8133333333333334,0.6866666666666666,0.7866666666666666,0.7133333333333334,0.7333333333333333,0.84,0.8066666666666666,0.6466666666666666,0.7266666666666667,0.8466666666666667,0.8533333333333334,0.7,0.76,0.7466666666666667,0.8266666666666667,0.8066666666666666,0.7933333333333333,0.86,0.7333333333333333,0.6533333333333333,0.6933333333333334
reconstructed_single_concepts_preds,0.7133333333333334,0.7533333333333333,0.8266666666666667,0.7,0.8466666666666667,0.86,0.9066666666666666,0.7933333333333333,0.9533333333333334,0.94,0.8133333333333334,0.8333333333333334,0.8,0.84,0.8266666666666667,0.8866666666666667,0.96,0.9466666666666667,0.8933333333333333,0.7733333333333333,0.9066666666666666,0.86,0.8,0.92,0.82,0.92,0.9066666666666666,0.9,0.82,0.88,0.72,0.8933333333333333,0.76,0.7866666666666666,0.92,0.8533333333333334,0.8266666666666667,0.7733333333333333,0.8866666666666667,0.96,0.8466666666666667,0.84,0.7933333333333333,0.8333333333333334,0.9333333333333333,0.84,0.9066666666666666,0.7733333333333333,0.7466666666666667,0.7266666666666667
reconstructed_2_concepts,0.7266666666666667,0.6866666666666666,0.7866666666666666,0.6733333333333333,0.72,0.7733333333333333,0.78,0.7933333333333333,0.8733333333333333,0.8266666666666667,0.7133333333333334,0.8266666666666667,0.7266666666666667,0.76,0.7933333333333333,0.7733333333333333,0.9133333333333333,0.78,0.78,0.72,0.8466666666666667,0.76,0.6466666666666666,0.8533333333333334,0.8266666666666667,0.84,0.7866666666666666,0.6866666666666666,0.7066666666666667,0.8333333333333334,0.76,0.8133333333333334,0.6666666666666666,0.7466666666666667,0.8666666666666667,0.7133333333333334,0.6733333333333333,0.68,0.82,0.9,0.7333333333333333,0.74,0.7666666666666667,0.8133333333333334,0.8333333333333334,0.7533333333333333,0.8733333333333333,0.78,0.72,0.7266666666666667
reconstructed_2_concepts_preds,0.7933333333333333,0.7733333333333333,0.86,0.6866666666666666,0.8466666666666667,0.88,0.9133333333333333,0.7733333333333333,0.9466666666666667,0.94,0.8066666666666666,0.82,0.8066666666666666,0.8666666666666667,0.86,0.9066666666666666,0.9733333333333334,0.9466666666666667,0.9533333333333334,0.82,0.9266666666666666,0.9,0.82,0.9266666666666666,0.84,0.9066666666666666,0.8933333333333333,0.9,0.8666666666666667,0.9,0.8333333333333334,0.9066666666666666,0.7666666666666667,0.8133333333333334,0.9466666666666667,0.9066666666666666,0.88,0.8333333333333334,0.9133333333333333,0.9266666666666666,0.8133333333333334,0.8333333333333334,0.8133333333333334,0.8066666666666666,0.9466666666666667,0.9066666666666666,0.9466666666666667,0.7666666666666667,0.8,0.7866666666666666
reconstructed_3_concepts,0.7266666666666667,0.7,0.7933333333333333,0.6933333333333334,0.7466666666666667,0.8133333333333334,0.7933333333333333,0.8333333333333334,0.8666666666666667,0.82,0.74,0.8533333333333334,0.78,0.72,0.78,0.7733333333333333,0.8666666666666667,0.7466666666666667,0.78,0.72,0.84,0.7866666666666666,0.62,0.86,0.8333333333333334,0.8133333333333334,0.7533333333333333,0.6333333333333333,0.6933333333333334,0.8266666666666667,0.8,0.78,0.6733333333333333,0.7666666666666667,0.9,0.72,0.7,0.7466666666666667,0.82,0.9066666666666666,0.72,0.7333333333333333,0.7533333333333333,0.8466666666666667,0.8266666666666667,0.74,0.8866666666666667,0.8,0.74,0.7933333333333333
reconstructed_3_concepts_preds,0.8066666666666666,0.8933333333333333,0.8933333333333333,0.6666666666666666,0.9,0.8933333333333333,0.94,0.8266666666666667,0.94,0.9333333333333333,0.8466666666666667,0.8866666666666667,0.7933333333333333,0.8533333333333334,0.8466666666666667,0.9333333333333333,0.94,0.9133333333333333,0.9666666666666667,0.86,0.92,0.9,0.8733333333333333,0.9066666666666666,0.8333333333333334,0.92,0.86,0.9266666666666666,0.8666666666666667,0.8933333333333333,0.8466666666666667,0.9266666666666666,0.76,0.8333333333333334,0.9933333333333333,0.9133333333333333,0.84,0.86,0.9266666666666666,0.92,0.8266666666666667,0.8266666666666667,0.7866666666666666,0.8533333333333334,0.98,0.8933333333333333,0.96,0.84,0.8333333333333334,0.88
reconstructed_all_concepts,0.6533333333333333,0.6866666666666666,0.7866666666666666,0.6466666666666666,0.7466666666666667,0.82,0.7733333333333333,0.8733333333333333,0.9133333333333333,0.8266666666666667,0.7533333333333333,0.88,0.7933333333333333,0.7466666666666667,0.7933333333333333,0.7733333333333333,0.8466666666666667,0.6866666666666666,0.7533333333333333,0.7333333333333333,0.8533333333333334,0.78,0.6066666666666667,0.8533333333333334,0.76,0.7866666666666666,0.78,0.6533333333333333,0.68,0.8133333333333334,0.8466666666666667,0.7866666666666666,0.68,0.7733333333333333,0.8933333333333333,0.7266666666666667,0.6733333333333333,0.7533333333333333,0.8533333333333334,0.9133333333333333,0.6933333333333334,0.7533333333333333,0.7866666666666666,0.9,0.82,0.8066666666666666,0.9066666666666666,0.7866666666666666,0.74,0.76
reconstructed_all_concepts_preds,0.7333333333333333,0.8533333333333334,0.8866666666666667,0.6333333333333333,0.9266666666666666,0.94,0.92,0.92,0.9866666666666667,0.94,0.8733333333333333,0.9266666666666666,0.7933333333333333,0.8933333333333333,0.8466666666666667,0.96,0.92,0.8666666666666667,0.9533333333333334,0.8733333333333333,0.9333333333333333,0.92,0.8866666666666667,0.9266666666666666,0.76,0.9733333333333334,0.8733333333333333,0.9333333333333333,0.8666666666666667,0.88,0.9066666666666666,0.9333333333333333,0.7266666666666667,0.8533333333333334,0.9866666666666667,0.92,0.8533333333333334,0.88,0.9733333333333334,0.9133333333333333,0.8933333333333333,0.8466666666666667,0.7933333333333333,0.9066666666666666,1.0,0.8666666666666667,0.9666666666666667,0.8533333333333334,0.8333333333333334,0.86
label_maps,"{1004: 0, 1001: 2, 1006: 1, 1002: 0, 1005: 1, 1003: 0}","{1006: 0, 1002: 1, 1004: 2, 1001: 2, 1005: 0, 1003: 1}","{1006: 1, 1001: 2, 1005: 0, 1002: 0, 1003: 2, 1004: 2}","{1004: 1, 1006: 2, 1003: 0, 1002: 2, 1001: 2, 1005: 2}","{1001: 0, 1006: 2, 1005: 1, 1003: 1, 1004: 2, 1002: 2}","{1006: 0, 1004: 2, 1005: 1, 1002: 2, 1003: 2, 1001: 1}","{1004: 2, 1006: 1, 1003: 0, 1005: 0, 1001: 0, 1002: 2}","{1005: 0, 1003: 2, 1004: 1, 1006: 0, 1001: 1, 1002: 1}","{1006: 0, 1003: 1, 1002: 2, 1001: 1, 1005: 1, 1004: 1}","{1006: 1, 1003: 0, 1005: 2, 1002: 1, 1001: 2, 1004: 1}","{1005: 1, 1006: 2, 1002: 0, 1003: 2, 1004: 0, 1001: 1}","{1001: 2, 1003: 0, 1005: 1, 1004: 0, 1006: 0, 1002: 1}","{1005: 1, 1002: 2, 1006: 0, 1001: 1, 1004: 2, 1003: 0}","{1001: 0, 1002: 2, 1006: 1, 1003: 2, 1005: 2, 1004: 0}","{1002: 2, 1001: 0, 1004: 1, 1003: 1, 1006: 0, 1005: 2}","{1006: 2, 1001: 1, 1005: 0, 1002: 2, 1004: 0, 1003: 0}","{1001: 0, 1002: 1, 1004: 2, 1006: 1, 1005: 1, 1003: 1}","{1004: 2, 1006: 0, 1002: 1, 1003: 1, 1005: 2, 1001: 1}","{1001: 1, 1006: 2, 1004: 0, 1003: 1, 1002: 1, 1005: 2}","{1002: 1, 1004: 0, 1001: 2, 1005: 1, 1006: 2, 1003: 0}","{1006: 2, 1004: 1, 1002: 0, 1005: 1, 1001: 0, 1003: 0}","{1005: 2, 1002: 1, 1003: 0, 1006: 1, 1004: 0, 1001: 1}","{1001: 1, 1003: 0, 1006: 2, 1004: 2, 1002: 2, 1005: 1}","{1001: 0, 1006: 1, 1005: 2, 1003: 2, 1002: 0, 1004: 1}","{1002: 1, 1001: 0, 1003: 2, 1005: 2, 1006: 1, 1004: 0}","{1001: 2, 1006: 1, 1003: 0, 1004: 1, 1002: 1, 1005: 1}","{1004: 1, 1002: 2, 1006: 0, 1005: 2, 1001: 0, 1003: 0}","{1004: 2, 1005: 1, 1006: 0, 1001: 2, 1003: 1, 1002: 2}","{1003: 1, 1005: 0, 1001: 2, 1006: 1, 1002: 1, 1004: 2}","{1001: 0, 1004: 2, 1006: 1, 1002: 2, 1003: 0, 1005: 1}","{1001: 1, 1005: 0, 1002: 2, 1006: 0, 1003: 1, 1004: 1}","{1004: 1, 1002: 2, 1005: 0, 1006: 1, 1001: 2, 1003: 1}","{1003: 0, 1005: 1, 1006: 2, 1004: 0, 1002: 1, 1001: 2}","{1001: 2, 1003: 1, 1006: 0, 1005: 1, 1004: 1, 1002: 0}","{1003: 2, 1004: 1, 1002: 0, 1006: 0, 1001: 0, 1005: 0}","{1006: 1, 1001: 2, 1003: 0, 1002: 1, 1005: 1, 1004: 2}","{1005: 0, 1006: 2, 1001: 1, 1002: 2, 1003: 1, 1004: 2}","{1001: 2, 1004: 1, 1005: 0, 1003: 2, 1002: 1, 1006: 1}","{1005: 2, 1004: 1, 1006: 0, 1001: 1, 1002: 1, 1003: 2}","{1006: 2, 1002: 1, 1003: 0, 1004: 1, 1001: 1, 1005: 1}","{1005: 0, 1001: 1, 1003: 2, 1002: 2, 1006: 2, 1004: 1}","{1003: 0, 1006: 2, 1002: 1, 1005: 2, 1004: 2, 1001: 0}","{1002: 2, 1004: 0, 1003: 1, 1006: 2, 1005: 1, 1001: 0}","{1006: 2, 1005: 1, 1001: 0, 1004: 0, 1002: 0, 1003: 1}","{1005: 2, 1002: 1, 1001: 0, 1006: 1, 1004: 1, 1003: 2}","{1005: 2, 1004: 1, 1001: 0, 1002: 2, 1003: 2, 1006: 1}","{1003: 2, 1004: 1, 1001: 0, 1002: 0, 1006: 1, 1005: 0}","{1005: 0, 1004: 1, 1002: 2, 1003: 1, 1006: 0, 1001: 2}","{1006: 2, 1002: 0, 1004: 1, 1005: 2, 1001: 1, 1003: 0}","{1004: 0, 1001: 2, 1006: 1, 1005: 1, 1002: 0, 1003: 2}"
drift_ratios,"{'BD': 238, 'AD': 168, 'Both': 94}","{'BD': 178, 'AD': 150, 'Both': 172}","{'BD': 175, 'AD': 96, 'Both': 229}","{'BD': 59, 'AD': 85, 'Both': 356}","{'BD': 97, 'AD': 131, 'Both': 272}","{'BD': 93, 'AD': 166, 'Both': 241}","{'BD': 231, 'AD': 91, 'Both': 178}","{'BD': 171, 'AD': 272, 'Both': 57}","{'BD': 91, 'AD': 314, 'Both': 95}","{'BD': 59, 'AD': 271, 'Both': 170}","{'BD': 177, 'AD': 169, 'Both': 154}","{'BD': 236, 'AD': 165, 'Both': 99}","{'BD': 154, 'AD': 169, 'Both': 177}","{'BD': 181, 'AD': 95, 'Both': 224}","{'BD': 188, 'AD': 145, 'Both': 167}","{'BD': 218, 'AD': 91, 'Both': 191}","{'BD': 93, 'AD': 327, 'Both': 80}","{'BD': 93, 'AD': 247, 'Both': 160}","{'BD': 79, 'AD': 249, 'Both': 172}","{'BD': 140, 'AD': 173, 'Both': 187}","{'BD': 247, 'AD': 158, 'Both': 95}","{'BD': 139, 'AD': 286, 'Both': 75}","{'BD': 56, 'AD': 173, 'Both': 271}","{'BD': 186, 'AD': 181, 'Both': 133}","{'BD': 173, 'AD': 192, 'Both': 135}","{'BD': 59, 'AD': 346, 'Both': 95}","{'BD': 247, 'AD': 85, 'Both': 168}","{'BD': 95, 'AD': 134, 'Both': 271}","{'BD': 75, 'AD': 247, 'Both': 178}","{'BD': 153, 'AD': 171, 'Both': 176}","{'BD': 172, 'AD': 234, 'Both': 94}","{'BD': 74, 'AD': 237, 'Both': 189}","{'BD': 141, 'AD': 167, 'Both': 192}","{'BD': 190, 'AD': 213, 'Both': 97}","{'BD': 357, 'AD': 84, 'Both': 59}","{'BD': 57, 'AD': 266, 'Both': 177}","{'BD': 77, 'AD': 148, 'Both': 275}","{'BD': 79, 'AD': 268, 'Both': 153}","{'BD': 97, 'AD': 270, 'Both': 133}","{'BD': 60, 'AD': 349, 'Both': 91}","{'BD': 76, 'AD': 177, 'Both': 247}","{'BD': 156, 'AD': 97, 'Both': 247}","{'BD': 177, 'AD': 133, 'Both': 190}","{'BD': 270, 'AD': 135, 'Both': 95}","{'BD': 96, 'AD': 272, 'Both': 132}","{'BD': 91, 'AD': 181, 'Both': 228}","{'BD': 266, 'AD': 177, 'Both': 57}","{'BD': 170, 'AD': 139, 'Both': 191}","{'BD': 152, 'AD': 174, 'Both': 174}","{'BD': 182, 'AD': 163, 'Both': 155}"
